Phase,MeanYield,MedianYield,ObsCount
ElNino,9.081777901551938,3.5281,10503
LaNina,9.375696919431281,3.7049000000000003,10550
Neutral,9.186967821169482,3.4776,52519
